{"cameraMode":{"drawMode":0,"name":"Shaded","section":"Shading Mode"},"sceneLighting":true,"audioPlay":false,"sceneViewState":{"showFog":true,"showMaterialUpdate":false,"showSkybox":true,"showFlares":true,"showImageEffects":true,"showParticleSystems":true},"in2DMode":false,"pivot":{"x":92.05590057373047,"y":-60.05814743041992,"z":445.9197082519531},"rotation":{"x":0.055157244205474856,"y":0.10613514482975006,"z":-0.005896558985114098,"w":0.9928032755851746},"size":5.737112045288086,"orthographic":false}