{"cameraMode":{"drawMode":0,"name":"Shaded","section":"Shading Mode"},"sceneLighting":true,"audioPlay":false,"sceneViewState":{"showFog":true,"showMaterialUpdate":false,"showSkybox":true,"showFlares":true,"showImageEffects":true,"showParticleSystems":true},"in2DMode":false,"pivot":{"x":-48.28907775878906,"y":-13.692296981811524,"z":20.89202308654785},"rotation":{"x":-0.01085769385099411,"y":0.6898573637008667,"z":0.010348640382289887,"w":0.7237908840179443},"size":0.8660253882408142,"orthographic":false}